[
  {
    "date": "2025-06-20T20:05:57Z",
    "city": "Unknown"
  },
  {
    "date": "2025-06-20T20:33:28Z",
    "city": "València"
  },
  {
    "date": "2025-06-20T21:02:37Z",
    "city": "València"
  },
  {
    "date": "2025-06-20T21:02:57Z",
    "city": "València"
  },
  {
    "date": "2025-06-20T21:41:18Z",
    "city": "València"
  },
  {
    "date": "2025-06-20T21:43:10Z",
    "city": "València"
  },
  {
    "date": "2025-06-26T09:33:54Z",
    "city": "València"
  },
  {
    "date": "2025-06-26T09:34:20Z",
    "city": "Spain"
  },
  {
    "date": "2025-06-26T09:37:17Z",
    "city": "Spain"
  },
  {
    "date": "2025-06-26T09:37:18Z",
    "city": "Spain"
  },
  {
    "date": "2025-06-26T09:37:36Z",
    "city": "València"
  },
  {
    "date": "2025-06-27T06:30:03Z",
    "city": "València"
  },
  {
    "date": "2025-06-28T06:30:02Z",
    "city": "València"
  },
  {
    "date": "2025-06-29T06:30:04Z",
    "city": "València"
  },
  {
    "date": "2025-06-30T06:30:01Z",
    "city": "València"
  },
  {
    "date": "2025-07-01T06:30:04Z",
    "city": "Brugherio"
  },
  {
    "date": "2025-07-01T13:05:50Z",
    "city": "Lombardy"
  },
  {
    "date": "2025-07-01T13:06:06Z",
    "city": "Lombardy"
  },
  {
    "date": "2025-07-01T13:06:19Z",
    "city": "Lombardy"
  },
  {
    "date": "2025-07-01T13:08:19Z",
    "city": "Lombardy"
  },
  {
    "date": "2025-07-01T13:08:22Z",
    "city": "Lombardy"
  },
  {
    "date": "2025-07-02T06:30:04Z",
    "city": "Lombardy"
  },
  {
    "date": "2025-07-03T06:30:04Z",
    "city": "Lombardy"
  },
  {
    "date": "2025-07-04T10:34:27Z",
    "city": "Lombardy"
  },
  {
    "date": "2025-07-05T06:30:02Z",
    "city": "Lombardy"
  },
  {
    "date": "2025-07-06T06:30:04Z",
    "city": "Lombardy"
  },
  {
    "date": "2025-07-07T06:30:37Z",
    "city": "Lombardy"
  },
  {
    "date": "2025-07-08T04:30:04Z",
    "city": "Tbilisi"
  },
  {
    "date": "2025-07-09T04:30:02Z",
    "city": "Tbilisi"
  },
  {
    "date": "2025-07-10T04:30:15Z",
    "city": "Tbilisi"
  },
  {
    "date": "2025-07-11T04:30:04Z",
    "city": "Tbilisi"
  },
  {
    "date": "2025-07-12T04:30:01Z",
    "city": "Tbilisi"
  },
  {
    "date": "2025-07-13T04:30:04Z",
    "city": "Tbilisi"
  },
  {
    "date": "2025-07-14T04:30:01Z",
    "city": "Tbilisi"
  },
  {
    "date": "2025-07-15T04:30:04Z",
    "city": "Tbilisi"
  },
  {
    "date": "2025-07-16T05:30:13Z",
    "city": "Moscow"
  },
  {
    "date": "2025-07-17T05:30:32Z",
    "city": "Moscow"
  },
  {
    "date": "2025-07-18T05:30:47Z",
    "city": "Moscow"
  },
  {
    "date": "2025-07-19T05:30:13Z",
    "city": "Moscow"
  },
  {
    "date": "2025-07-19T21:21:45Z",
    "city": "Crimea"
  },
  {
    "date": "2025-07-20T10:58:12Z",
    "city": "Moscow"
  },
  {
    "date": "2025-07-21T05:30:13Z",
    "city": "Moscow Oblast"
  },
  {
    "date": "2025-07-22T05:30:23Z",
    "city": "Republic of Tatarstan"
  },
  {
    "date": "2025-07-23T05:30:14Z",
    "city": "Republic of Tatarstan"
  },
  {
    "date": "2025-07-24T05:30:04Z",
    "city": "Republic of Tatarstan"
  },
  {
    "date": "2025-07-25T10:43:30Z",
    "city": "Moscow Oblast"
  },
  {
    "date": "2025-07-26T05:30:11Z",
    "city": "Moscow"
  },
  {
    "date": "2025-07-27T05:30:15Z",
    "city": "Moscow"
  },
  {
    "date": "2025-07-28T05:30:12Z",
    "city": "Moscow"
  },
  {
    "date": "2025-07-29T05:30:14Z",
    "city": "Moscow"
  },
  {
    "date": "2025-07-30T13:39:16Z",
    "city": "Chongqing"
  },
  {
    "date": "2025-07-31T00:30:04Z",
    "city": "Chongqing"
  },
  {
    "date": "2025-08-01T00:30:05Z",
    "city": "Chongqing"
  },
  {
    "date": "2025-08-02T00:30:02Z",
    "city": "Chongqing"
  },
  {
    "date": "2025-08-03T00:30:06Z",
    "city": "Chongqing"
  },
  {
    "date": "2025-08-03T18:49:17Z",
    "city": "Xining"
  },
  {
    "date": "2025-08-04T00:30:03Z",
    "city": "Xining"
  },
  {
    "date": "2025-08-05T00:30:03Z",
    "city": "Xining"
  },
  {
    "date": "2025-08-06T01:05:31Z",
    "city": "Urumqi"
  },
  {
    "date": "2025-08-07T01:49:44Z",
    "city": "Urumqi"
  },
  {
    "date": "2025-08-08T00:30:07Z",
    "city": "Urumqi"
  },
  {
    "date": "2025-08-09T00:30:05Z",
    "city": "Altay"
  },
  {
    "date": "2025-08-10T00:30:01Z",
    "city": "Altay"
  },
  {
    "date": "2025-08-11T02:11:05Z",
    "city": "Karamay"
  },
  {
    "date": "2025-08-12T00:30:03Z",
    "city": "Bortala"
  },
  {
    "date": "2025-08-13T01:59:39Z",
    "city": "Ili"
  },
  {
    "date": "2025-08-14T00:30:04Z",
    "city": "Ili"
  },
  {
    "date": "2025-08-17T08:56:00Z",
    "city": "Busan"
  },
  {
    "date": "2025-08-17T08:57:31Z",
    "city": "Busan"
  },
  {
    "date": "2025-08-17T08:58:32Z",
    "city": "South Korea"
  },
  {
    "date": "2025-08-17T09:00:46Z",
    "city": "Busan"
  },
  {
    "date": "2025-08-17T23:30:05Z",
    "city": "Busan"
  },
  {
    "date": "2025-08-18T23:30:02Z",
    "city": "Busan"
  },
  {
    "date": "2025-08-19T23:30:03Z",
    "city": "부산광역시"
  },
  {
    "date": "2025-08-20T23:30:04Z",
    "city": "부산광역시"
  },
  {
    "date": "2025-08-21T23:30:04Z",
    "city": "부산광역시"
  },
  {
    "date": "2025-08-22T23:30:03Z",
    "city": "부산광역시"
  },
  {
    "date": "2025-08-23T23:30:03Z",
    "city": "부산광역시"
  },
  {
    "date": "2025-08-24T23:30:03Z",
    "city": "부산광역시"
  },
  {
    "date": "2025-08-25T23:30:02Z",
    "city": "부산광역시"
  },
  {
    "date": "2025-08-26T23:30:02Z",
    "city": "부산광역시"
  },
  {
    "date": "2025-08-27T23:30:03Z",
    "city": "부산광역시"
  },
  {
    "date": "2025-08-28T23:30:01Z",
    "city": "부산광역시"
  },
  {
    "date": "2025-08-29T23:30:03Z",
    "city": "부산광역시"
  },
  {
    "date": "2025-08-30T23:30:02Z",
    "city": "부산광역시"
  },
  {
    "date": "2025-08-31T23:30:02Z",
    "city": "부산광역시"
  },
  {
    "date": "2025-09-01T23:30:03Z",
    "city": "부산광역시"
  },
  {
    "date": "2025-09-02T23:30:01Z",
    "city": "부산광역시"
  },
  {
    "date": "2025-09-03T23:30:02Z",
    "city": "부산광역시"
  },
  {
    "date": "2025-09-04T23:30:02Z",
    "city": "부산광역시"
  },
  {
    "date": "2025-09-05T23:30:03Z",
    "city": "부산광역시"
  },
  {
    "date": "2025-09-06T23:30:02Z",
    "city": "서울특별시"
  },
  {
    "date": "2025-09-07T23:30:01Z",
    "city": "서울특별시"
  },
  {
    "date": "2025-09-08T23:30:03Z",
    "city": "서울특별시"
  },
  {
    "date": "2025-09-10T02:17:26Z",
    "city": "NJ"
  },
  {
    "date": "2025-09-10T02:41:53Z",
    "city": "Newark"
  },
  {
    "date": "2025-09-10T04:13:40Z",
    "city": "New York"
  },
  {
    "date": "2025-09-10T12:30:01Z",
    "city": "New York"
  },
  {
    "date": "2025-09-11T12:30:02Z",
    "city": "New York"
  },
  {
    "date": "2025-09-12T12:30:03Z",
    "city": "New York"
  },
  {
    "date": "2025-09-13T12:30:02Z",
    "city": "New York"
  },
  {
    "date": "2025-09-14T12:30:03Z",
    "city": "New York"
  },
  {
    "date": "2025-09-15T12:30:01Z",
    "city": "New York"
  },
  {
    "date": "2025-09-16T12:30:01Z",
    "city": "New York"
  },
  {
    "date": "2025-09-17T12:30:01Z",
    "city": "New York"
  },
  {
    "date": "2025-09-18T12:30:04Z",
    "city": "New York"
  },
  {
    "date": "2025-09-19T12:30:01Z",
    "city": "New York"
  },
  {
    "date": "2025-09-20T12:30:03Z",
    "city": "New York"
  },
  {
    "date": "2025-09-21T12:30:02Z",
    "city": "New York"
  },
  {
    "date": "2025-09-23T03:00:06Z",
    "city": "New Delhi"
  },
  {
    "date": "2025-09-24T10:39:54Z",
    "city": "India"
  },
  {
    "date": "2025-09-24T10:41:29Z",
    "city": "India"
  },
  {
    "date": "2025-09-24T11:00:49Z",
    "city": "Chhattisgarh"
  },
  {
    "date": "2025-09-26T03:00:04Z",
    "city": "Chhattisgarh"
  },
  {
    "date": "2025-09-27T03:00:01Z",
    "city": "Chhattisgarh"
  },
  {
    "date": "2025-09-28T03:00:06Z",
    "city": "Chhattisgarh"
  },
  {
    "date": "2025-09-29T03:00:04Z",
    "city": "Chhattisgarh"
  },
  {
    "date": "2025-09-30T09:49:38Z",
    "city": "Andhra Pradesh"
  },
  {
    "date": "2025-10-01T03:00:04Z",
    "city": "Andhra Pradesh"
  },
  {
    "date": "2025-10-02T03:00:06Z",
    "city": "Andhra Pradesh"
  },
  {
    "date": "2025-10-03T03:00:10Z",
    "city": "Andhra Pradesh"
  },
  {
    "date": "2025-10-04T03:00:17Z",
    "city": "Andhra Pradesh"
  },
  {
    "date": "2025-10-05T03:00:03Z",
    "city": "Telangana"
  },
  {
    "date": "2025-10-06T03:00:17Z",
    "city": "Maharashtra"
  },
  {
    "date": "2025-10-07T07:14:41Z",
    "city": "Nagpur"
  },
  {
    "date": "2025-10-08T03:00:17Z",
    "city": "Bhopal"
  },
  {
    "date": "2025-10-10T03:00:05Z",
    "city": "Agra"
  },
  {
    "date": "2025-10-11T03:00:04Z",
    "city": "Agra"
  },
  {
    "date": "2025-10-12T03:00:03Z",
    "city": "Jammu"
  },
  {
    "date": "2025-10-14T04:33:32Z",
    "city": "Srinagar"
  },
  {
    "date": "2025-10-15T03:08:48Z",
    "city": "Srinagar"
  },
  {
    "date": "2025-10-16T03:00:01Z",
    "city": "Srinagar"
  },
  {
    "date": "2025-10-17T03:00:04Z",
    "city": "Srinagar"
  },
  {
    "date": "2025-10-18T01:30:01Z",
    "city": "Bang Rak District"
  },
  {
    "date": "2025-10-19T01:30:03Z",
    "city": "Mueang Phuket District"
  },
  {
    "date": "2025-10-20T01:30:02Z",
    "city": "Mueang Phuket District"
  },
  {
    "date": "2025-10-21T01:30:05Z",
    "city": "Mueang Phuket District"
  },
  {
    "date": "2025-10-22T01:30:05Z",
    "city": "Mueang Phuket District"
  },
  {
    "date": "2025-10-23T01:30:05Z",
    "city": "Mueang Phuket District"
  },
  {
    "date": "2025-10-24T01:30:02Z",
    "city": "Mueang Phuket District"
  },
  {
    "date": "2025-10-25T01:30:05Z",
    "city": "Mueang Phuket District"
  },
  {
    "date": "2025-10-26T01:30:01Z",
    "city": "Mueang Phuket District"
  },
  {
    "date": "2025-10-27T01:30:05Z",
    "city": "Mueang Phuket District"
  },
  {
    "date": "2025-10-28T01:30:01Z",
    "city": "Mueang Phuket District"
  },
  {
    "date": "2025-10-29T01:30:04Z",
    "city": "Mueang Phuket District"
  },
  {
    "date": "2025-10-30T01:30:06Z",
    "city": "Mueang Phuket District"
  },
  {
    "date": "2025-11-01T01:30:01Z",
    "city": "Hanoi"
  },
  {
    "date": "2025-11-02T01:30:02Z",
    "city": "Hanoi"
  },
  {
    "date": "2025-11-03T01:30:03Z",
    "city": "Hanoi"
  },
  {
    "date": "2025-11-04T01:30:02Z",
    "city": "Hanoi"
  },
  {
    "date": "2025-11-05T00:30:05Z",
    "city": "Shenzhen"
  },
  {
    "date": "2025-11-06T00:30:03Z",
    "city": "Shenzhen"
  },
  {
    "date": "2025-11-07T00:30:14Z",
    "city": "Shenzhen"
  },
  {
    "date": "2025-11-08T00:30:07Z",
    "city": "Xinxing District"
  },
  {
    "date": "2025-11-09T00:30:03Z",
    "city": "Lingya District"
  },
  {
    "date": "2025-11-09T02:32:36Z",
    "city": "Kaohsiung City"
  },
  {
    "date": "2025-11-10T00:30:03Z",
    "city": "Taichung City"
  },
  {
    "date": "2025-11-11T00:30:16Z",
    "city": "Taichung City"
  },
  {
    "date": "2025-11-12T00:30:02Z",
    "city": "Taipei City"
  },
  {
    "date": "2025-11-13T00:30:01Z",
    "city": "Taipei City"
  },
  {
    "date": "2025-11-14T00:30:02Z",
    "city": "Taipei City"
  },
  {
    "date": "2025-11-15T00:30:03Z",
    "city": "Taipei City"
  },
  {
    "date": "2025-11-16T00:30:04Z",
    "city": "Taipei City"
  },
  {
    "date": "2025-11-17T00:30:04Z",
    "city": "Taipei City"
  },
  {
    "date": "2025-11-18T00:30:01Z",
    "city": "Taipei City"
  },
  {
    "date": "2025-11-19T00:30:04Z",
    "city": "Taipei City"
  },
  {
    "date": "2025-11-20T00:30:02Z",
    "city": "Taipei City"
  },
  {
    "date": "2025-11-21T00:30:01Z",
    "city": "Taipei City"
  },
  {
    "date": "2025-11-22T00:30:03Z",
    "city": "Taipei City"
  },
  {
    "date": "2025-11-23T00:30:01Z",
    "city": "Yilan County"
  },
  {
    "date": "2025-11-24T00:30:01Z",
    "city": "Taipei City"
  },
  {
    "date": "2025-11-25T00:30:15Z",
    "city": "Taipei City"
  },
  {
    "date": "2025-11-26T00:30:01Z",
    "city": "Taipei City"
  },
  {
    "date": "2025-11-27T00:30:03Z",
    "city": "Taipei City"
  },
  {
    "date": "2025-11-28T00:30:03Z",
    "city": "Taipei City"
  },
  {
    "date": "2025-11-29T00:30:03Z",
    "city": "Taipei City"
  },
  {
    "date": "2025-11-30T00:30:02Z",
    "city": "Taipei City"
  },
  {
    "date": "2025-12-01T00:30:02Z",
    "city": "Hualien County"
  },
  {
    "date": "2025-12-02T00:30:04Z",
    "city": "Taitung County"
  },
  {
    "date": "2025-12-03T00:30:07Z",
    "city": "Hualien County"
  },
  {
    "date": "2025-12-04T00:30:03Z",
    "city": "Taipei City"
  },
  {
    "date": "2025-12-06T16:30:02Z",
    "city": "CA"
  },
  {
    "date": "2025-12-07T02:07:04Z",
    "city": "San Francisco"
  },
  {
    "date": "2025-12-07T16:30:04Z",
    "city": "San Francisco"
  },
  {
    "date": "2025-12-08T16:30:04Z",
    "city": "San Francisco"
  },
  {
    "date": "2025-12-09T16:30:03Z",
    "city": "San Francisco"
  },
  {
    "date": "2025-12-10T16:30:01Z",
    "city": "San Francisco"
  },
  {
    "date": "2025-12-11T16:30:01Z",
    "city": "San Francisco"
  },
  {
    "date": "2025-12-12T16:30:04Z",
    "city": "San Francisco"
  },
  {
    "date": "2025-12-13T16:30:04Z",
    "city": "San Francisco"
  },
  {
    "date": "2025-12-14T16:30:02Z",
    "city": "San Francisco"
  },
  {
    "date": "2025-12-15T16:30:04Z",
    "city": "San Francisco"
  },
  {
    "date": "2025-12-16T16:30:02Z",
    "city": "San Francisco"
  },
  {
    "date": "2025-12-17T13:30:01Z",
    "city": "Orlando"
  },
  {
    "date": "2025-12-18T14:30:04Z",
    "city": "San Jose"
  },
  {
    "date": "2025-12-19T14:30:07Z",
    "city": "Puntarenas"
  },
  {
    "date": "2025-12-27T14:30:05Z",
    "city": "La Cruz"
  },
  {
    "date": "2025-12-28T14:30:01Z",
    "city": "Tola"
  },
  {
    "date": "2025-12-29T14:30:06Z",
    "city": "Altagracia"
  },
  {
    "date": "2025-12-30T14:30:04Z",
    "city": "Altagracia"
  },
  {
    "date": "2025-12-31T14:30:02Z",
    "city": "Granada"
  },
  {
    "date": "2026-01-01T14:30:02Z",
    "city": "Granada"
  },
  {
    "date": "2026-01-02T14:30:22Z",
    "city": "Villa Nueva"
  },
  {
    "date": "2026-01-03T14:30:12Z",
    "city": "Jocoro"
  },
  {
    "date": "2026-01-04T14:30:03Z",
    "city": "Tamanique"
  }
]